,ZIP,MONEY
478290,89109,4140764.11540525
494209,7652,2947217.486170147
511014,10012,2912018.3984246026
